,Seq Sple,taxid,Organism,Expected Concentration,Calculated Concentration,Absolute Quantification,Dilution,Accession
0,20190917seq-mcs2-1-d-35-0014-ggtaactcgc-tcaccaactt-5d851e6a,1423,Bacillus subtilis,7.021189299069938,6.746170558481138,5574046.129109638,1,mcs2 1
1,20190917seq-mcs2-1-d-35-0014-ggtaactcgc-tcaccaactt-5d851e6a,287,Pseudomonas aeruginosa,7.799340549453582,8.2015464506174,159054679.40419883,1,mcs2 1
2,20190917seq-mcs2-1-d-35-0014-ggtaactcgc-tcaccaactt-5d851e6a,1639,Listeria Monocytogenes,9.152288344383056,8.375586189070141,237457662.89166397,1,mcs2 1
3,20190917seq-mcs2-1-d-35-0014-ggtaactcgc-tcaccaactt-5d851e6a,562,Escherichia coli,5.939519252618618,6.004133316202446,1009562.7459098119,1,mcs2 1
4,20190917seq-mcs2-1-d-35-0014-ggtaactcgc-tcaccaactt-5d851e6a,28901,Salmonella enterica,5.946943270697825,6.073184728654436,1183544.8735639977,1,mcs2 1
5,20190917seq-mcs2-1-d-35-0014-ggtaactcgc-tcaccaactt-5d851e6a,4932,Saccharomyces cerevisiae,6.537819095073274,6.1728349896232135,1488795.3018135924,1,mcs2 1
6,20190917seq-mcs2-2-d-36-0014-accggccgta-aatattgcca-5d851e6a,1423,Bacillus subtilis,7.021189299069938,6.7541222436696335,5677043.783351984,1,mcs2 2
7,20190917seq-mcs2-2-d-36-0014-accggccgta-aatattgcca-5d851e6a,562,Escherichia coli,5.939519252618618,6.1637799404115725,1458075.2576862937,1,mcs2 2
8,20190917seq-mcs2-2-d-36-0014-accggccgta-aatattgcca-5d851e6a,287,Pseudomonas aeruginosa,7.799340549453582,8.209666091034062,162056364.1723203,1,mcs2 2
9,20190917seq-mcs2-2-d-36-0014-accggccgta-aatattgcca-5d851e6a,1639,Listeria Monocytogenes,9.152288344383056,8.337656128870485,217598616.04698023,1,mcs2 2
10,20190917seq-mcs2-2-d-36-0014-accggccgta-aatattgcca-5d851e6a,28901,Salmonella enterica,5.946943270697825,6.099609759935382,1257794.698656688,1,mcs2 2
11,20190917seq-mcs2-2-d-36-0014-accggccgta-aatattgcca-5d851e6a,4932,Saccharomyces cerevisiae,6.537819095073274,6.01988659991592,1046855.1645086124,1,mcs2 2
12,20190917seq-mcs2-3-d-37-0014-tgtaatcgac-cgcggtgatc-5d851e6a,1423,Bacillus subtilis,7.021189299069938,6.78107840734695,6040576.758565696,1,mcs2 3
13,20190917seq-mcs2-3-d-37-0014-tgtaatcgac-cgcggtgatc-5d851e6a,562,Escherichia coli,5.939519252618618,6.192898529178412,1559188.1634334393,1,mcs2 3
14,20190917seq-mcs2-3-d-37-0014-tgtaatcgac-cgcggtgatc-5d851e6a,287,Pseudomonas aeruginosa,7.799340549453582,8.24214731577645,174641444.86587778,1,mcs2 3
15,20190917seq-mcs2-3-d-37-0014-tgtaatcgac-cgcggtgatc-5d851e6a,1639,Listeria Monocytogenes,9.152288344383056,8.315051363500462,206562444.03514093,1,mcs2 3
16,20190917seq-mcs2-3-d-37-0014-tgtaatcgac-cgcggtgatc-5d851e6a,28901,Salmonella enterica,5.946943270697825,6.043529704189872,1105426.0739886118,1,mcs2 3
17,20190917seq-mcs2-3-d-37-0014-tgtaatcgac-cgcggtgatc-5d851e6a,4932,Saccharomyces cerevisiae,6.537819095073274,6.032588058669076,1077923.7941458295,1,mcs2 3
18,20190917seq-mcs2-dilution-1-1-d-38-0014-gtgcagacag-acggatggta-5d851e6a,1423,Bacillus subtilis,6.544068044350276,6.271707177994478,1869421.2625703725,2,mcs2 dilution 1-1
19,20190917seq-mcs2-dilution-1-1-d-38-0014-gtgcagacag-acggatggta-5d851e6a,562,Escherichia coli,5.4623979978989565,5.920688465089241,833083.3698348523,2,mcs2 dilution 1-1
20,20190917seq-mcs2-dilution-1-1-d-38-0014-gtgcagacag-acggatggta-5d851e6a,287,Pseudomonas aeruginosa,7.3222192947339195,7.943585066345984,87818308.21673468,2,mcs2 dilution 1-1
21,20190917seq-mcs2-dilution-1-1-d-38-0014-gtgcagacag-acggatggta-5d851e6a,1639,Listeria Monocytogenes,8.67516708963281,7.954774390125943,90110290.57129899,2,mcs2 dilution 1-1
22,20190917seq-mcs2-dilution-1-1-d-38-0014-gtgcagacag-acggatggta-5d851e6a,28901,Salmonella enterica,5.469822015978163,5.73006624820118,537113.7225876745,2,mcs2 dilution 1-1
23,20190917seq-mcs2-dilution-1-1-d-38-0014-gtgcagacag-acggatggta-5d851e6a,4932,Saccharomyces cerevisiae,6.060697840353612,5.7377789814157385,546737.6495837449,2,mcs2 dilution 1-1
24,20190917seq-mcs2-dilution-1-2-d-39-0014-caatcggctg-ttcctacagc-5d851e6a,1423,Bacillus subtilis,6.544068044350276,6.271497844862566,1868520.4049108643,2,mcs2 dilution 1-2
25,20190917seq-mcs2-dilution-1-2-d-39-0014-caatcggctg-ttcctacagc-5d851e6a,562,Escherichia coli,5.4623979978989565,5.797038622559805,626669.5930056232,2,mcs2 dilution 1-2
26,20190917seq-mcs2-dilution-1-2-d-39-0014-caatcggctg-ttcctacagc-5d851e6a,287,Pseudomonas aeruginosa,7.3222192947339195,7.784867020040687,60935028.70325107,2,mcs2 dilution 1-2
27,20190917seq-mcs2-dilution-1-2-d-39-0014-caatcggctg-ttcctacagc-5d851e6a,1639,Listeria Monocytogenes,8.67516708963281,7.914069720480678,82048325.19559014,2,mcs2 dilution 1-2
28,20190917seq-mcs2-dilution-1-2-d-39-0014-caatcggctg-ttcctacagc-5d851e6a,4932,Saccharomyces cerevisiae,6.060697840353612,5.784849154820697,609325.2211993553,2,mcs2 dilution 1-2
29,20190917seq-mcs2-dilution-1-3-d-40-0014-tatgtagtca-cattagtgcg-5d851e6a,1423,Bacillus subtilis,6.544068044350276,6.303453091547048,2011189.95642482,2,mcs2 dilution 1-3
30,20190917seq-mcs2-dilution-1-3-d-40-0014-tatgtagtca-cattagtgcg-5d851e6a,562,Escherichia coli,5.4623979978989565,6.001258173441705,1002901.2519200955,2,mcs2 dilution 1-3
31,20190917seq-mcs2-dilution-1-3-d-40-0014-tatgtagtca-cattagtgcg-5d851e6a,287,Pseudomonas aeruginosa,7.3222192947339195,7.846690499303056,70257145.26992564,2,mcs2 dilution 1-3
32,20190917seq-mcs2-dilution-1-3-d-40-0014-tatgtagtca-cattagtgcg-5d851e6a,1639,Listeria Monocytogenes,8.67516708963281,7.871265075510085,74347278.46833876,2,mcs2 dilution 1-3
33,20190917seq-mcs2-dilution-1-3-d-40-0014-tatgtagtca-cattagtgcg-5d851e6a,28901,Salmonella enterica,5.469822015978163,5.934915732715597,860826.7075409755,2,mcs2 dilution 1-3
34,20190917seq-mcs2-dilution-1-3-d-40-0014-tatgtagtca-cattagtgcg-5d851e6a,4932,Saccharomyces cerevisiae,6.060697840353612,5.783918140494841,608020.3856411462,2,mcs2 dilution 1-3
35,20190917seq-mcs2-dilution-10-1-d-65-0014-taatgtgtct-tatgccttac-5d851e6a,562,Escherichia coli,1.1683067053237088,5.800613395417102,631849.1352015036,11,mcs2 dilution 10-1
36,20190917seq-mcs2-dilution-10-2-d-66-0014-ataccaacgc-cgcagcaatt-5d851e6a,562,Escherichia coli,1.1683067053237088,4.987666283005323,97200.00404629491,11,mcs2 dilution 10-2
37,20190917seq-mcs2-dilution-10-3-d-67-0014-aggatgtgct-ggaattgtaa-5d851e6a,562,Escherichia coli,1.1683067053237088,5.255566639066839,180121.94961801427,11,mcs2 dilution 10-3
38,20190917seq-mcs2-dilution-2-1-d-41-0014-actcggcaat-ttcagttgtc-5d851e6a,287,Pseudomonas aeruginosa,6.845098040014257,7.2537642191836404,17937595.207152445,3,mcs2 dilution 2-1
39,20190917seq-mcs2-dilution-2-1-d-41-0014-actcggcaat-ttcagttgtc-5d851e6a,1639,Listeria Monocytogenes,8.1980458350049,7.437769879709924,27401218.745727703,3,mcs2 dilution 2-1
40,20190917seq-mcs2-dilution-2-1-d-41-0014-actcggcaat-ttcagttgtc-5d851e6a,1423,Bacillus subtilis,6.066946789754698,5.782216283273561,605642.4160304657,3,mcs2 dilution 2-1
41,20190917seq-mcs2-dilution-2-1-d-41-0014-actcggcaat-ttcagttgtc-5d851e6a,562,Escherichia coli,4.9852767431942695,5.510719245406795,324130.01208349515,3,mcs2 dilution 2-1
42,20190917seq-mcs2-dilution-2-1-d-41-0014-actcggcaat-ttcagttgtc-5d851e6a,4932,Saccharomyces cerevisiae,5.583576585596185,5.243663014881315,175252.01290731455,3,mcs2 dilution 2-1
43,20190917seq-mcs2-dilution-2-2-d-42-0014-gtctaatggc-cctgaccact-5d851e6a,1423,Bacillus subtilis,6.066946789754698,5.717491730172826,521785.16832126037,3,mcs2 dilution 2-2
44,20190917seq-mcs2-dilution-2-2-d-42-0014-gtctaatggc-cctgaccact-5d851e6a,287,Pseudomonas aeruginosa,6.845098040014257,7.354890365541005,22640726.868890386,3,mcs2 dilution 2-2
45,20190917seq-mcs2-dilution-2-2-d-42-0014-gtctaatggc-cctgaccact-5d851e6a,1639,Listeria Monocytogenes,8.1980458350049,7.630792609216991,42735875.8683529,3,mcs2 dilution 2-2
46,20190917seq-mcs2-dilution-2-2-d-42-0014-gtctaatggc-cctgaccact-5d851e6a,562,Escherichia coli,4.9852767431942695,5.698288259581617,499215.72807204793,3,mcs2 dilution 2-2
47,20190917seq-mcs2-dilution-2-2-d-42-0014-gtctaatggc-cctgaccact-5d851e6a,4932,Saccharomyces cerevisiae,5.583576585596185,5.406952318736325,255242.1056543461,3,mcs2 dilution 2-2
48,20190917seq-mcs2-dilution-2-3-d-43-0014-ccatctcgcc-aaccatagaa-5d851e6a,1423,Bacillus subtilis,6.066946789754698,5.793325408393095,621334.4136279102,3,mcs2 dilution 2-3
49,20190917seq-mcs2-dilution-2-3-d-43-0014-ccatctcgcc-aaccatagaa-5d851e6a,562,Escherichia coli,4.9852767431942695,5.5559568121280805,359713.5621114979,3,mcs2 dilution 2-3
50,20190917seq-mcs2-dilution-2-3-d-43-0014-ccatctcgcc-aaccatagaa-5d851e6a,287,Pseudomonas aeruginosa,6.845098040014257,7.214259331797772,16377942.113346372,3,mcs2 dilution 2-3
51,20190917seq-mcs2-dilution-2-3-d-43-0014-ccatctcgcc-aaccatagaa-5d851e6a,1639,Listeria Monocytogenes,8.1980458350049,7.590271854568492,38928875.115022644,3,mcs2 dilution 2-3
52,20190917seq-mcs2-dilution-2-3-d-43-0014-ccatctcgcc-aaccatagaa-5d851e6a,28901,Salmonella enterica,4.992700761243778,5.269914025286576,186171.85467558203,3,mcs2 dilution 2-3
53,20190917seq-mcs2-dilution-2-3-d-43-0014-ccatctcgcc-aaccatagaa-5d851e6a,4932,Saccharomyces cerevisiae,5.583576585596185,5.187005900613051,153817.55388347452,3,mcs2 dilution 2-3
54,20190917seq-mcs2-dilution-3-1-d-44-0014-ctgcgagcca-tggccggatt-5d851e6a,287,Pseudomonas aeruginosa,6.367976785232552,7.2597162000042905,18185121.205138907,4,mcs2 dilution 3-1
55,20190917seq-mcs2-dilution-3-1-d-44-0014-ctgcgagcca-tggccggatt-5d851e6a,1639,Listeria Monocytogenes,7.72092458020266,7.662463183088146,45968801.72537604,4,mcs2 dilution 3-1
56,20190917seq-mcs2-dilution-3-1-d-44-0014-ctgcgagcca-tggccggatt-5d851e6a,562,Escherichia coli,4.50815548842968,5.654715344444347,451559.8753092918,4,mcs2 dilution 3-1
57,20190917seq-mcs2-dilution-3-2-d-45-0014-cgttattcta-aaccttatgg-5d851e6a,562,Escherichia coli,4.50815548842968,6.039712163720504,1095751.726768133,4,mcs2 dilution 3-2
58,20190917seq-mcs2-dilution-3-2-d-45-0014-cgttattcta-aaccttatgg-5d851e6a,287,Pseudomonas aeruginosa,6.367976785232552,7.294630220997275,19707440.3623571,4,mcs2 dilution 3-2
59,20190917seq-mcs2-dilution-3-2-d-45-0014-cgttattcta-aaccttatgg-5d851e6a,1639,Listeria Monocytogenes,7.72092458020266,7.654817782475561,45166639.83306965,4,mcs2 dilution 3-2
60,20190917seq-mcs2-dilution-3-2-d-45-0014-cgttattcta-aaccttatgg-5d851e6a,28901,Salmonella enterica,4.515579506568282,5.45057846713644,282213.9433446617,4,mcs2 dilution 3-2
61,20190917seq-mcs2-dilution-3-2-d-45-0014-cgttattcta-aaccttatgg-5d851e6a,1423,Bacillus subtilis,5.589825534923359,5.935774154616174,862529.8912410894,4,mcs2 dilution 3-2
62,20190917seq-mcs2-dilution-3-2-d-45-0014-cgttattcta-aaccttatgg-5d851e6a,4932,Saccharomyces cerevisiae,5.106455330989816,5.191519508700278,155424.5106581348,4,mcs2 dilution 3-2
63,20190917seq-mcs2-dilution-3-3-d-46-0014-agatccatta-tggtagagat-5d851e6a,1423,Bacillus subtilis,5.589825534923359,5.42380425658427,265340.9358711364,4,mcs2 dilution 3-3
64,20190917seq-mcs2-dilution-3-3-d-46-0014-agatccatta-tggtagagat-5d851e6a,287,Pseudomonas aeruginosa,6.367976785232552,6.708437092801882,5110190.52987147,4,mcs2 dilution 3-3
65,20190917seq-mcs2-dilution-3-3-d-46-0014-agatccatta-tggtagagat-5d851e6a,1639,Listeria Monocytogenes,7.72092458020266,7.1770085225058695,15031714.637292026,4,mcs2 dilution 3-3
66,20190917seq-mcs2-dilution-3-3-d-46-0014-agatccatta-tggtagagat-5d851e6a,562,Escherichia coli,4.50815548842968,5.420165115164033,263126.8188116107,4,mcs2 dilution 3-3
67,20190917seq-mcs2-dilution-3-3-d-46-0014-agatccatta-tggtagagat-5d851e6a,4932,Saccharomyces cerevisiae,5.106455330989816,4.5140045709188765,32659.12695043881,4,mcs2 dilution 3-3
68,20190917seq-mcs2-dilution-4-1-d-47-0014-gtcctggata-ttcgccaccg-5d851e6a,287,Pseudomonas aeruginosa,5.8908555305873405,6.703473544325754,5052118.6829372365,5,mcs2 dilution 4-1
69,20190917seq-mcs2-dilution-4-1-d-47-0014-gtcctggata-ttcgccaccg-5d851e6a,1639,Listeria Monocytogenes,7.243803325565575,7.172267095523402,14868497.88895775,5,mcs2 dilution 4-1
70,20190917seq-mcs2-dilution-4-1-d-47-0014-gtcctggata-ttcgccaccg-5d851e6a,1423,Bacillus subtilis,5.112704280092021,5.393028964667224,247188.89987219727,5,mcs2 dilution 4-1
71,20190917seq-mcs2-dilution-4-1-d-47-0014-gtcctggata-ttcgccaccg-5d851e6a,562,Escherichia coli,4.031034233710018,5.599602594635523,397743.0453616806,5,mcs2 dilution 4-1
72,20190917seq-mcs2-dilution-4-1-d-47-0014-gtcctggata-ttcgccaccg-5d851e6a,4932,Saccharomyces cerevisiae,4.629334076168189,4.9127106072407845,81791.95846024243,5,mcs2 dilution 4-1
73,20190917seq-mcs2-dilution-4-2-d-48-0014-cagtggcact-cctattgtta-5d851e6a,562,Escherichia coli,4.031034233710018,5.40299538660951,252927.11285538913,5,mcs2 dilution 4-2
74,20190917seq-mcs2-dilution-4-2-d-48-0014-cagtggcact-cctattgtta-5d851e6a,287,Pseudomonas aeruginosa,5.8908555305873405,6.243762476361894,1752921.534606671,5,mcs2 dilution 4-2
75,20190917seq-mcs2-dilution-4-2-d-48-0014-cagtggcact-cctattgtta-5d851e6a,1639,Listeria Monocytogenes,7.243803325565575,6.654172463346957,4509957.646046127,5,mcs2 dilution 4-2
76,20190917seq-mcs2-dilution-4-2-d-48-0014-cagtggcact-cctattgtta-5d851e6a,1423,Bacillus subtilis,5.112704280092021,4.985542766952397,96725.89723494976,5,mcs2 dilution 4-2
77,20190917seq-mcs2-dilution-4-2-d-48-0014-cagtggcact-cctattgtta-5d851e6a,4932,Saccharomyces cerevisiae,4.629334076168189,4.410139378248127,25712.208329826648,5,mcs2 dilution 4-2
78,20190917seq-mcs2-dilution-4-3-d-49-0014-agtgttgcac-cgtgtaccag-5d851e6a,287,Pseudomonas aeruginosa,5.8908555305873405,6.144580940347495,1395021.6264367497,5,mcs2 dilution 4-3
79,20190917seq-mcs2-dilution-4-3-d-49-0014-agtgttgcac-cgtgtaccag-5d851e6a,1639,Listeria Monocytogenes,7.243803325565575,6.6336369782806255,4301668.886569392,5,mcs2 dilution 4-3
80,20190917seq-mcs2-dilution-5-1-d-50-0014-gacaccatgt-tacacgttga-5d851e6a,287,Pseudomonas aeruginosa,5.413734275923516,6.3116973626907065,2049733.3281454204,6,mcs2 dilution 5-1
81,20190917seq-mcs2-dilution-5-1-d-50-0014-gacaccatgt-tacacgttga-5d851e6a,1639,Listeria Monocytogenes,6.766682070771593,6.753145034656639,5664284.188538727,6,mcs2 dilution 5-1
82,20190917seq-mcs2-dilution-5-2-d-51-0014-cctgtctgtc-tcacaacagt-5d851e6a,287,Pseudomonas aeruginosa,5.413734275923516,6.1174632785213054,1310579.222533662,6,mcs2 dilution 5-2
83,20190917seq-mcs2-dilution-5-2-d-51-0014-cctgtctgtc-tcacaacagt-5d851e6a,1639,Listeria Monocytogenes,6.766682070771593,6.683356187292982,4823432.299939849,6,mcs2 dilution 5-2
84,20190917seq-mcs2-dilution-5-2-d-51-0014-cctgtctgtc-tcacaacagt-5d851e6a,562,Escherichia coli,3.5539129790712236,5.657097320040551,454043.3507697478,6,mcs2 dilution 5-2
85,20190917seq-mcs2-dilution-5-3-d-52-0014-tgatgtaaga-aaggacgcac-5d851e6a,287,Pseudomonas aeruginosa,5.413734275923516,6.208914926075296,1617763.1030672207,6,mcs2 dilution 5-3
86,20190917seq-mcs2-dilution-5-3-d-52-0014-tgatgtaaga-aaggacgcac-5d851e6a,1639,Listeria Monocytogenes,6.766682070771593,6.547517207791802,3527907.6476046955,6,mcs2 dilution 5-3
87,20190917seq-mcs2-dilution-6-1-d-53-0014-ggaattgtaa-aggatgtgct-5d851e6a,562,Escherichia coli,3.0767917243515615,5.882281526147448,762573.1786825565,7,mcs2 dilution 6-1
88,20190917seq-mcs2-dilution-6-1-d-53-0014-ggaattgtaa-aggatgtgct-5d851e6a,1639,Listeria Monocytogenes,6.28956081612625,5.985978723888209,968230.4214349864,7,mcs2 dilution 6-1
89,20190917seq-mcs2-dilution-6-2-d-54-0014-gcataagctt-tgcgacggaa-5d851e6a,1639,Listeria Monocytogenes,6.28956081612625,5.996007482720778,990849.0166792205,7,mcs2 dilution 6-2
90,20190917seq-mcs2-dilution-6-3-d-55-0014-ctgaggaata-agtggttaag-5d851e6a,287,Pseudomonas aeruginosa,4.936613021153599,5.803996765737378,636790.7786043223,7,mcs2 dilution 6-3
91,20190917seq-mcs2-dilution-6-3-d-55-0014-ctgaggaata-agtggttaag-5d851e6a,1639,Listeria Monocytogenes,6.28956081612625,5.980605958411962,956325.9893100205,7,mcs2 dilution 6-3
92,20190917seq-mcs2-dilution-6-3-d-55-0014-ctgaggaata-agtggttaag-5d851e6a,562,Escherichia coli,3.0767917243515615,5.889787777884417,775867.8887807148,7,mcs2 dilution 6-3
93,20190917seq-mcs2-dilution-7-1-d-56-0014-aacgcacgag-tatccgaggc-5d851e6a,562,Escherichia coli,2.599670469559117,5.714699789674091,518441.53722999775,8,mcs2 dilution 7-1
94,20190917seq-mcs2-dilution-7-2-d-57-0014-tctatcctaa-ccagtcgacg-5d851e6a,562,Escherichia coli,2.599670469559117,5.580917472196645,380993.41736791044,8,mcs2 dilution 7-2
95,20190917seq-mcs2-dilution-7-3-d-58-0014-ctcgcttcgg-ttgactagta-5d851e6a,562,Escherichia coli,2.599670469559117,5.678690263062415,477188.82327277015,8,mcs2 dilution 7-3
96,20190917seq-mcs2-dilution-8-1-d-59-0014-ctgttggtcc-aacggtctat-5d851e6a,562,Escherichia coli,2.122549214730282,5.831528721787162,678466.9889939644,9,mcs2 dilution 8-1
97,20190917seq-mcs2-dilution-8-2-d-60-0014-ttacctggaa-ctggaactgt-5d851e6a,562,Escherichia coli,2.122549214730282,5.8628055403796875,729130.9616020881,9,mcs2 dilution 8-2
98,20190917seq-mcs2-dilution-9-1-d-62-0014-aacactgtta-tgagacttgc-5d851e6a,562,Escherichia coli,1.6454279601416266,5.061758117410222,115281.1014845635,10,mcs2 dilution 9-1
99,20190917seq-mcs2-dilution-9-2-d-63-0014-attgcgcggt-gcggagccaa-5d851e6a,562,Escherichia coli,1.6454279601416266,5.919109010319429,830059.0907955911,10,mcs2 dilution 9-2
100,20190917seq-mcs2-dilution-9-3-d-64-0014-tggcgcgaac-agtatcagtt-5d851e6a,562,Escherichia coli,1.6454279601416266,5.837901372279496,688495.9220468207,10,mcs2 dilution 9-3
